termino,frecuencia
multi objective,33
forest management,32
forest planning,17
decision making,13
objective function,12
objective optimization,12
pareto optimal,10
case study,10
trade offs,10
ecosystem services,9
carbon sequestration,8
supply chain,8
pareto frontier,8
objective functions,7
climate change,7
planning horizon,6
harvest scheduling,6
tree species,6
single objective,6
genetic algorithm,5
timber harvest,5
non dominated,5
management planning,5
pareto front,4
forest policy,4
policy economics,4
time period,4
optimal solutions,4
supply chains,4
carbon storage,4
study area,4
timber production,4
decision makers,4
net present,4
present value,4
mixed integer,3
value risk,3
optimization problems,3
timber volume,3
forest resources,3
frontiers forests,3
forests global,3
global change,3
change frontiersin,3
management regimes,3
forest stands,3
boreal forest,3
decision maker,3
basal area,3
spatial distribution,3
forest service,3
tree level,3
co2 emissions,3
ecol manag,3
ecosystem service,3
multi criteria,3
soil erosion,3
nsga algorithm,3
total area,3
maritime pine,3
pareto frontiers,3
sustainable forest,3
forest engineering,3
optimization model,3
san pedro,2
wood production,2
pedro alto,2
management plan,2
planning problems,2
res downloaded,2
personal manuscript,2
manuscript accepted,2
accepted manuscript,2
manuscript prior,2
prior copy,2
copy editing,2
editing page,2
page composition,2
composition differ,2
differ final,2
final official,2
official version,2
version record,2
record page,2
reference point,2
optimization problem,2
old forest,2
genetic algorithms,2
optimal solution,2
amount carbon,2
economic environmental,2
ghg emissions,2
cambero sowlati,2
carbon price,2
period time,2
wood price,2
boreal forests,2
set aside,2
harvest site,2
res crossref,2
mathematical model,2
biomass supply,2
diaz balteiro,2
management prescriptions,2
plos pone,2
habitat area,2
united states,2
forest fires,2
decision analysis,2
tree selection,2
airborne laser,2
spatial optimization,2
merchantable volume,2
linear programming,2
forest structure,2
stand level,2
study areas,2
chain design,2
fire risk,2
energy wood,2
garcia gonzalo,2
non commercial,2
manag crossref,2
stand density,2
tree density,2
species mingling,2
objective forest,2
timber supply,2
total cost,2
carbon emissions,2
supply network,2
dominated solutions,2
regional timber,2
forest biomass,2
life cycle,2
cycle assessment,2
management alternatives,2
risk averse,2
european operational,2
operational research,2
xxx xxxx,2
xxxx xxx,2
decision support,2
management objectives,2
fire occurrence,2
usda forest,2
forest research,2
uneven aged,2
integer programming,2
decision maps,2
pedunculate oak,2
criteria indicators,2
management strategies,2
management strategy,2
international forest,2
optimization algorithm,2
clear cutting,2
forest area,2
local search,1
simulated annealing,1
multi start,1
simple local,1
million pesos,1
local beam,1
beam search,1
start local,1
serrano ramirez,1
annealing simple,1
heuristic techniques,1
search sls,1
annealing local,1
torres rojo,1
sls simulated,1
search slbs,1
slbs simulated,1
annealing multi,1
search smts,1
best known,1
downloaded uppsala,1
uppsala universitet,1
universitet 18for,1
18for personal,1
timber cash,1
cash flow,1
multiobjective optimization,1
set scenarios,1
interactive multiobjective,1
spatial nsga,1
constrained nsga,1
land unit,1
spatial forest,1
local solutions,1
spatial operator,1
cut time,1
forest compactness,1
fotakis forest,1
planning problem,1
land units,1
unconstrained problem,1
solution solution,1
