Articulo,Termino,weight
3_Amiri_y_Mohammadi_2024,forests peer review,13
50_Nanos etal_2024,forests peer review,5
48_Medeiros etal_2020,forests peer review,7
45_Marques etal_2021,forests peer review,7
31_Ding etal_2025,non dominated sortin,7
7_Castro etal_2024,non dominated sortin,6
50_Nanos etal_2024,models,22
Ejemplo_bibliografico_Ça,models,22
28_Cheng etal_2024,models,34
27_Chung etal_2015,international forest,16
38_Holmström etal_2023,international forest,11
9_Eyvindson etal_2018,timber,35
34_Fotakis etal_2012,timber,38
17_Triviño etal_2015,timber,64
36_Gonzalez-Gonzalez etal,timber,20
40_Jones etal_2024,timber,30
47_Mazziotta etal_2025,timber,29
26_Chen etal_2019,timber,94
21_Belavenutti etal_2023,timber,46
2_Alvarez etal_2018,timber,20
12_Nabhani etal_2024,timber,76
8_Diaz-Yanez etal_2021,timber,30
25_Chen etal_2017,timber,84
27_Chung etal_2015,timber,44
35_Fotakis_2015,timber,33
55_Pierda-Jimenez etal_20,timber,35
17_Triviño etal_2015,ecosystem,53
43_Langner etal_2017,ecosystem,55
10_Eyvindson etal_2024,ecosystem,55
19_Xiao etal_2022,ecosystem,46
45_Marques etal_2021,ecosystem,35
33_Ezquerro etal_2019,ecosystem,23
8_Diaz-Yanez etal_2021,ecosystem,109
1_Abate etal_2024,ecosystem,53
31_Ding etal_2025,constraints,24
10_Eyvindson etal_2024,constraints,56
12_Nabhani etal_2024,constraints,37
1_Abate etal_2024,constraints,50
55_Pierda-Jimenez etal_20,constraints,31
52_Neto etal_2020,constraints,37
44_Lu y Zhang_2024,constraints,29
37_Guo y He_2025,frontiers forests gl,16
1_Abate etal_2024,frontiers forests gl,14
44_Lu y Zhang_2024,frontiers forests gl,15
34_Fotakis etal_2012,spatial forest plann,12
7_Castro etal_2024,spatial forest plann,7
35_Fotakis_2015,spatial forest plann,3
25_Chen etal_2017,network,87
25_Chen etal_2017,supply,83
25_Chen etal_2017,carbon,62
25_Chen etal_2017,cost,57
25_Chen etal_2017,emissions,54
25_Chen etal_2017,objective,41
25_Chen etal_2017,design,40
25_Chen etal_2017,pareto,38
25_Chen etal_2017,chain,37
25_Chen etal_2017,model,35
25_Chen etal_2017,total,34
25_Chen etal_2017,point,31
25_Chen etal_2017,road,28
25_Chen etal_2017,optimization,27
25_Chen etal_2017,transportation,26
25_Chen etal_2017,co2,25
25_Chen etal_2017,problem,25
25_Chen etal_2017,regional,22
25_Chen etal_2017,figure,21
25_Chen etal_2017,management,19
25_Chen etal_2017,multi,19
25_Chen etal_2017,demand,19
25_Chen etal_2017,forest,18
25_Chen etal_2017,university,17
25_Chen etal_2017,objectives,17
25_Chen etal_2017,green,16
25_Chen etal_2017,supply chain,34
25_Chen etal_2017,carbon emissions,24
25_Chen etal_2017,total cost,21
25_Chen etal_2017,multi objective,18
25_Chen etal_2017,objective optimizati,17
25_Chen etal_2017,regional timber,16
25_Chen etal_2017,co2 emissions,14
25_Chen etal_2017,timber supply,13
25_Chen etal_2017,pareto optimal,12
25_Chen etal_2017,pareto frontier,11
25_Chen etal_2017,trade offs,10
25_Chen etal_2017,carbon price,8
25_Chen etal_2017,chain design,8
25_Chen etal_2017,forest research,7
25_Chen etal_2017,decision makers,7
25_Chen etal_2017,multi objective opti,13
25_Chen etal_2017,supply chain network,10
25_Chen etal_2017,supply chain design,6
25_Chen etal_2017,chain network design,5
25_Chen etal_2017,management multi obj,4
25_Chen etal_2017,objective optimizati,4
25_Chen etal_2017,objective optimizati,3
25_Chen etal_2017,supply chain managem,3
17_Triviño etal_2015,fig,28
47_Mazziotta etal_2025,fig,43
2_Alvarez etal_2018,fig,28
41_kanzian etal_2013,fig,18
37_Guo y He_2025,change frontiersin,16
1_Abate etal_2024,change frontiersin,14
44_Lu y Zhang_2024,change frontiersin,14
16_Serrano etal_2021,values,20
9_Eyvindson etal_2018,values,34
11_Gutierrez-Franco etal_,values,46
51_Navarro-Cerrillo etal_,values,29
43_Langner etal_2017,values,31
33_Ezquerro etal_2019,values,29
2_Alvarez etal_2018,values,46
12_Nabhani etal_2024,values,33
13_POFF etal_2010,values,47
49_Nahorna etal_2025,values,39
24_Cambero y Sowlati_2016,location,50
27_Chung etal_2015,location,19
39_Huang y Shao_2025,location,39
3_Amiri_y_Mohammadi_2024,function,57
20_Baghizadeh etal_2021,function,44
40_Jones etal_2024,function,30
23_Bushaj etal_2021,function,48
49_Nahorna etal_2025,function,30
30_Diao y Geng_2023,industrial,32
48_Medeiros etal_2020,industrial,51
11_Gutierrez-Franco etal_,co2,111
55_Pierda-Jimenez etal_20,co2,36
41_kanzian etal_2013,co2,31
47_Mazziotta etal_2025,institute finland lu,4
38_Holmström etal_2023,institute finland lu,3
10_Eyvindson etal_2024,forest ecosystem ser,11
12_Nabhani etal_2024,forest ecosystem ser,8
21_Belavenutti etal_2023,usda forest service,17
13_POFF etal_2010,usda forest service,18
17_Triviño etal_2015,services,68
43_Langner etal_2017,services,37
10_Eyvindson etal_2024,services,43
45_Marques etal_2021,services,33
8_Diaz-Yanez etal_2021,services,99
1_Abate etal_2024,services,54
47_Mazziotta etal_2025,study areas,10
43_Langner etal_2017,study areas,18
48_Medeiros etal_2020,systems,105
38_Holmström etal_2023,systems,22
33_Ezquerro etal_2019,criterion,24
46_Marques etal_2021_B,criterion,47
9_Eyvindson etal_2018,record page,26
26_Chen etal_2019,record page,49
24_Cambero y Sowlati_2016,biomass,154
17_Triviño etal_2015,biomass,26
11_Gutierrez-Franco etal_,biomass,69
6_Cambero y Sowlati_2014,biomass,284
28_Cheng etal_2024,biomass,29
55_Pierda-Jimenez etal_20,biomass,27
41_kanzian etal_2013,biomass,35
53_Pascual_2021,merchantable volume,8
21_Belavenutti etal_2023,merchantable volume,27
18_Wang etal_2021,soil,219
31_Ding etal_2025,soil,36
28_Cheng etal_2024,soil,31
38_Holmström etal_2023,soil,23
8_Diaz-Yanez etal_2021,forest,71
8_Diaz-Yanez etal_2021,forestry,60
8_Diaz-Yanez etal_2021,objective,57
8_Diaz-Yanez etal_2021,production,55
8_Diaz-Yanez etal_2021,carbon,45
8_Diaz-Yanez etal_2021,management,45
8_Diaz-Yanez etal_2021,multi,41
8_Diaz-Yanez etal_2021,forests,31
8_Diaz-Yanez etal_2021,volume,31
8_Diaz-Yanez etal_2021,service,30
8_Diaz-Yanez etal_2021,trade,29
8_Diaz-Yanez etal_2021,boreal,25
8_Diaz-Yanez etal_2021,indicators,24
8_Diaz-Yanez etal_2021,amount,24
8_Diaz-Yanez etal_2021,utility,24
8_Diaz-Yanez etal_2021,stand,21
8_Diaz-Yanez etal_2021,offs,20
8_Diaz-Yanez etal_2021,wood,20
8_Diaz-Yanez etal_2021,optimization,19
8_Diaz-Yanez etal_2021,biodiversity,18
8_Diaz-Yanez etal_2021,ecosystem services,82
8_Diaz-Yanez etal_2021,multi objective,35
8_Diaz-Yanez etal_2021,ecosystem service,23
8_Diaz-Yanez etal_2021,trade offs,20
8_Diaz-Yanez etal_2021,boreal forests,13
8_Diaz-Yanez etal_2021,climate change,11
8_Diaz-Yanez etal_2021,forest management,10
8_Diaz-Yanez etal_2021,boreal forest,9
8_Diaz-Yanez etal_2021,single objective,7
8_Diaz-Yanez etal_2021,multiple ecosystem s,6
8_Diaz-Yanez etal_2021,multi objective mana,5
8_Diaz-Yanez etal_2021,multi objective plan,5
8_Diaz-Yanez etal_2021,pareto optimal plans,4
16_Serrano etal_2021,objective function,12
3_Amiri_y_Mohammadi_2024,objective function,56
24_Cambero y Sowlati_2016,objective function,24
20_Baghizadeh etal_2021,objective function,43
51_Navarro-Cerrillo etal_,objective function,12
23_Bushaj etal_2021,objective function,31
54_Pérez-Rodríguez etal,objective function,12
12_Nabhani etal_2024,objective function,14
7_Castro etal_2024,objective function,8
49_Nahorna etal_2025,objective function,22
39_Huang y Shao_2025,objective function,14
41_kanzian etal_2013,objective function,7
50_Nanos etal_2024,treatment,23
21_Belavenutti etal_2023,treatment,119
33_Ezquerro etal_2019,treatment,27
35_Fotakis_2015,treatment,10
32_Dujardin y Chades_2018,method,78
30_Diao y Geng_2023,method,22
50_Nanos etal_2024,method,21
27_Chung etal_2015,method,30
52_Neto etal_2020,method,31
37_Guo y He_2025,average,33
51_Navarro-Cerrillo etal_,average,29
50_Nanos etal_2024,average,21
9_Eyvindson etal_2018,final,34
26_Chen etal_2019,final,53
11_Gutierrez-Franco etal_,sub,54
1_Abate etal_2024,sub,77
46_Marques etal_2021_B,sub,58
9_Eyvindson etal_2018,biodiversity,42
12_Nabhani etal_2024,biodiversity,62
29_Couture etal_2021,non commercial,3
21_Belavenutti etal_2023,non commercial,21
48_Medeiros etal_2020,peer review figure,6
54_Pérez-Rodríguez etal,peer review figure,6
9_Eyvindson etal_2018,composition differ,30
26_Chen etal_2019,composition differ,52
20_Baghizadeh etal_2021,res crossref,17
33_Ezquerro etal_2019,res crossref,12
16_Serrano etal_2021,wood production,10
37_Guo y He_2025,wood production,14
17_Triviño etal_2015,green tree retention,6
33_Ezquerro etal_2019,green tree retention,4
47_Mazziotta etal_2025,mean,25
43_Langner etal_2017,mean,32
38_Holmström etal_2023,mean,30
30_Diao y Geng_2023,forestry,148
48_Medeiros etal_2020,forestry,31
Ejemplo_bibliografico_Ça,forestry,25
44_Lu y Zhang_2024,forestry,23
11_Gutierrez-Franco etal_,economic environment,6
6_Cambero y Sowlati_2014,economic environment,15
16_Serrano etal_2021,management,54
34_Fotakis etal_2012,management,18
3_Amiri_y_Mohammadi_2024,management,100
37_Guo y He_2025,management,81
17_Triviño etal_2015,management,115
36_Gonzalez-Gonzalez etal,management,36
40_Jones etal_2024,management,93
22_Belval y Thomson_2023,management,35
53_Pascual_2021,management,21
32_Dujardin y Chades_2018,management,23
47_Mazziotta etal_2025,management,95
30_Diao y Geng_2023,management,25
51_Navarro-Cerrillo etal_,management,47
29_Couture etal_2021,management,8
50_Nanos etal_2024,management,20
43_Langner etal_2017,management,98
48_Medeiros etal_2020,management,26
10_Eyvindson etal_2024,management,87
54_Pérez-Rodríguez etal,management,181
21_Belavenutti etal_2023,management,46
Ejemplo_bibliografico_Ça,management,119
45_Marques etal_2021,management,42
33_Ezquerro etal_2019,management,100
2_Alvarez etal_2018,management,45
12_Nabhani etal_2024,management,180
7_Castro etal_2024,management,90
1_Abate etal_2024,management,53
13_POFF etal_2010,management,104
35_Fotakis_2015,management,10
55_Pierda-Jimenez etal_20,management,65
42_Khadka y Vack_2012,management,237
46_Marques etal_2021_B,management,69
44_Lu y Zhang_2024,management,78
12_Nabhani etal_2024,management strategie,14
42_Khadka y Vack_2012,management strategie,30
9_Eyvindson etal_2018,manuscript prior,30
26_Chen etal_2019,manuscript prior,52
22_Belval y Thomson_2023,center,58
11_Gutierrez-Franco etal_,center,52
6_Cambero y Sowlati_2014,impacts,35
48_Medeiros etal_2020,impacts,71
31_Ding etal_2025,soil erosion,19
45_Marques etal_2021,soil erosion,19
1_Abate etal_2024,soil erosion,11
37_Guo y He_2025,carbon storage,19
17_Triviño etal_2015,carbon storage,53
43_Langner etal_2017,carbon storage,10
44_Lu y Zhang_2024,carbon storage,29
45_Marques etal_2021,pedunculate oak,11
46_Marques etal_2021_B,pedunculate oak,17
38_Holmström etal_2023,optimization,66
38_Holmström etal_2023,objective,58
38_Holmström etal_2023,forest,44
38_Holmström etal_2023,figure,37
38_Holmström etal_2023,time,36
38_Holmström etal_2023,system,33
38_Holmström etal_2023,total,33
38_Holmström etal_2023,node,29
38_Holmström etal_2023,region,29
38_Holmström etal_2023,multi,28
38_Holmström etal_2023,number,28
38_Holmström etal_2023,data,25
38_Holmström etal_2023,results,25
38_Holmström etal_2023,algorithm,24
38_Holmström etal_2023,real,23
38_Holmström etal_2023,harvesting,22
38_Holmström etal_2023,multi objective,27
38_Holmström etal_2023,objective optimizati,27
38_Holmström etal_2023,forest engineering,14
38_Holmström etal_2023,harvest site,12
38_Holmström etal_2023,single objective,11
38_Holmström etal_2023,optimization algorit,7
38_Holmström etal_2023,multi objective opti,21
38_Holmström etal_2023,international forest,11
38_Holmström etal_2023,objective optimizati,5
38_Holmström etal_2023,single objective opt,4
38_Holmström etal_2023,resources institute ,3
38_Holmström etal_2023,multi objective prob,3
22_Belval y Thomson_2023,decision analysis,33
46_Marques etal_2021_B,decision analysis,16
Ejemplo_bibliografico_Ça,management planning,9
45_Marques etal_2021,management planning,11
12_Nabhani etal_2024,management planning,17
1_Abate etal_2024,management planning,13
46_Marques etal_2021_B,management planning,15
22_Belval y Thomson_2023,making,28
13_POFF etal_2010,making,25
42_Khadka y Vack_2012,making,30
46_Marques etal_2021_B,making,41
34_Fotakis etal_2012,multi objective,22
3_Amiri_y_Mohammadi_2024,multi objective,49
24_Cambero y Sowlati_2016,multi objective,28
20_Baghizadeh etal_2021,multi objective,16
36_Gonzalez-Gonzalez etal,multi objective,15
40_Jones etal_2024,multi objective,41
53_Pascual_2021,multi objective,21
32_Dujardin y Chades_2018,multi objective,53
30_Diao y Geng_2023,multi objective,10
51_Navarro-Cerrillo etal_,multi objective,10
4_Aranda y Orjuela_2015,multi objective,16
50_Nanos etal_2024,multi objective,11
14_Qiu etal_2023,multi objective,26
26_Chen etal_2019,multi objective,20
43_Langner etal_2017,multi objective,8
31_Ding etal_2025,multi objective,20
10_Eyvindson etal_2024,multi objective,47
19_Xiao etal_2022,multi objective,17
54_Pérez-Rodríguez etal,multi objective,12
21_Belavenutti etal_2023,multi objective,52
45_Marques etal_2021,multi objective,17
12_Nabhani etal_2024,multi objective,23
28_Cheng etal_2024,multi objective,23
7_Castro etal_2024,multi objective,32
35_Fotakis_2015,multi objective,9
49_Nahorna etal_2025,multi objective,31
55_Pierda-Jimenez etal_20,multi objective,13
52_Neto etal_2020,multi objective,23
39_Huang y Shao_2025,multi objective,49
44_Lu y Zhang_2024,multi objective,10
40_Jones etal_2024,data,28
18_Wang etal_2021,data,35
53_Pascual_2021,data,21
47_Mazziotta etal_2025,data,37
30_Diao y Geng_2023,data,31
50_Nanos etal_2024,data,19
31_Ding etal_2025,data,94
10_Eyvindson etal_2024,data,82
54_Pérez-Rodríguez etal,data,34
12_Nabhani etal_2024,data,31
49_Nahorna etal_2025,data,131
39_Huang y Shao_2025,data,65
40_Jones etal_2024,plos pone,21
32_Dujardin y Chades_2018,plos pone,16
6_Cambero y Sowlati_2014,assessment,56
Ejemplo_bibliografico_Ça,assessment,19
42_Khadka y Vack_2012,assessment,28
20_Baghizadeh etal_2021,harvest site,26
37_Guo y He_2025,forests global chang,16
1_Abate etal_2024,forests global chang,14
44_Lu y Zhang_2024,forests global chang,15
3_Amiri_y_Mohammadi_2024,npv,97
24_Cambero y Sowlati_2016,npv,54
37_Guo y He_2025,npv,53
17_Triviño etal_2015,npv,28
47_Mazziotta etal_2025,npv,33
54_Pérez-Rodríguez etal,npv,37
2_Alvarez etal_2018,npv,40
49_Nahorna etal_2025,npv,28
4_Aranda y Orjuela_2015,pareto,55
4_Aranda y Orjuela_2015,modelo,55
4_Aranda y Orjuela_2015,multi,42
4_Aranda y Orjuela_2015,supply chain,13
44_Lu y Zhang_2024,forest,202
44_Lu y Zhang_2024,cutting,67
44_Lu y Zhang_2024,carbon,66
44_Lu y Zhang_2024,planning,56
44_Lu y Zhang_2024,spatial,45
44_Lu y Zhang_2024,age,42
44_Lu y Zhang_2024,area,41
44_Lu y Zhang_2024,forests,36
44_Lu y Zhang_2024,storage,35
44_Lu y Zhang_2024,change,35
44_Lu y Zhang_2024,model,34
44_Lu y Zhang_2024,growth,31
44_Lu y Zhang_2024,time,28
44_Lu y Zhang_2024,tree,27
44_Lu y Zhang_2024,total,26
44_Lu y Zhang_2024,ecological,25
44_Lu y Zhang_2024,harvesting,24
44_Lu y Zhang_2024,species,24
44_Lu y Zhang_2024,stand,23
44_Lu y Zhang_2024,logging,22
44_Lu y Zhang_2024,study,21
44_Lu y Zhang_2024,harvest,21
44_Lu y Zhang_2024,forest management,31
44_Lu y Zhang_2024,tree species,19
44_Lu y Zhang_2024,frontiers forests,15
44_Lu y Zhang_2024,forests global,15
44_Lu y Zhang_2024,global change,15
44_Lu y Zhang_2024,forest planning,10
44_Lu y Zhang_2024,decision support,8
44_Lu y Zhang_2024,forest area,8
44_Lu y Zhang_2024,clear cutting,8
44_Lu y Zhang_2024,global change fronti,14
44_Lu y Zhang_2024,sustainable forest m,6
44_Lu y Zhang_2024,forest management pl,5
44_Lu y Zhang_2024,multi objective mana,4
31_Ding etal_2025,land,149
31_Ding etal_2025,forests,91
31_Ding etal_2025,optimization,71
31_Ding etal_2025,area,58
31_Ding etal_2025,spatial,51
31_Ding etal_2025,model,44
31_Ding etal_2025,forest,41
31_Ding etal_2025,distribution,40
31_Ding etal_2025,algorithm,37
31_Ding etal_2025,study,36
31_Ding etal_2025,ecological,35
31_Ding etal_2025,carbon,35
31_Ding etal_2025,nsga,34
31_Ding etal_2025,objective,27
31_Ding etal_2025,multi,25
31_Ding etal_2025,crossref,25
31_Ding etal_2025,china,24
31_Ding etal_2025,type,22
31_Ding etal_2025,carbon sequestration,18
31_Ding etal_2025,spatial distribution,17
31_Ding etal_2025,spatial optimization,12
31_Ding etal_2025,non dominated,11
31_Ding etal_2025,genetic algorithm,11
31_Ding etal_2025,nsga algorithm,11
31_Ding etal_2025,pareto optimal,9
31_Ding etal_2025,total area,9
31_Ding etal_2025,multi objective opti,7
31_Ding etal_2025,pareto optimal solut,6
31_Ding etal_2025,dominated sorting ge,5
31_Ding etal_2025,sorting genetic algo,5
16_Serrano etal_2021,forest,107
9_Eyvindson etal_2018,forest,79
34_Fotakis etal_2012,forest,85
3_Amiri_y_Mohammadi_2024,forest,160
24_Cambero y Sowlati_2016,forest,94
37_Guo y He_2025,forest,253
17_Triviño etal_2015,forest,131
20_Baghizadeh etal_2021,forest,88
36_Gonzalez-Gonzalez etal,forest,117
40_Jones etal_2024,forest,137
18_Wang etal_2021,forest,513
22_Belval y Thomson_2023,forest,31
53_Pascual_2021,forest,84
47_Mazziotta etal_2025,forest,132
30_Diao y Geng_2023,forest,155
51_Navarro-Cerrillo etal_,forest,98
29_Couture etal_2021,forest,8
50_Nanos etal_2024,forest,30
14_Qiu etal_2023,forest,127
6_Cambero y Sowlati_2014,forest,224
43_Langner etal_2017,forest,61
48_Medeiros etal_2020,forest,65
10_Eyvindson etal_2024,forest,200
15_Serrano etal_2019,forest,19
54_Pérez-Rodríguez etal,forest,103
21_Belavenutti etal_2023,forest,121
Ejemplo_bibliografico_Ça,forest,266
45_Marques etal_2021,forest,48
33_Ezquerro etal_2019,forest,160
2_Alvarez etal_2018,forest,110
12_Nabhani etal_2024,forest,178
28_Cheng etal_2024,forest,94
7_Castro etal_2024,forest,149
1_Abate etal_2024,forest,52
27_Chung etal_2015,forest,39
13_POFF etal_2010,forest,142
35_Fotakis_2015,forest,57
49_Nahorna etal_2025,forest,79
55_Pierda-Jimenez etal_20,forest,213
42_Khadka y Vack_2012,forest,157
52_Neto etal_2020,forest,93
5_Bettinger y Tang_2015,forest,73
46_Marques etal_2021_B,forest,154
39_Huang y Shao_2025,forest,168
41_kanzian etal_2013,forest,85
24_Cambero y Sowlati_2016,supply chain,73
20_Baghizadeh etal_2021,supply chain,117
11_Gutierrez-Franco etal_,supply chain,101
26_Chen etal_2019,supply chain,32
6_Cambero y Sowlati_2014,supply chain,53
41_kanzian etal_2013,supply chain,8
16_Serrano etal_2021,value,30
17_Triviño etal_2015,value,25
36_Gonzalez-Gonzalez etal,value,19
53_Pascual_2021,value,28
47_Mazziotta etal_2025,value,31
30_Diao y Geng_2023,value,29
43_Langner etal_2017,value,33
19_Xiao etal_2022,value,51
23_Bushaj etal_2021,value,80
2_Alvarez etal_2018,value,35
49_Nahorna etal_2025,value,56
52_Neto etal_2020,value,49
5_Bettinger y Tang_2015,value,35
45_Marques etal_2021,integer programming,12
52_Neto etal_2020,integer programming,9
16_Serrano etal_2021,community,20
42_Khadka y Vack_2012,community,59
24_Cambero y Sowlati_2016,bioenergy,57
6_Cambero y Sowlati_2014,bioenergy,73
24_Cambero y Sowlati_2016,case study,21
36_Gonzalez-Gonzalez etal,case study,6
11_Gutierrez-Franco etal_,case study,16
43_Langner etal_2017,case study,41
45_Marques etal_2021,case study,12
33_Ezquerro etal_2019,case study,17
7_Castro etal_2024,case study,8
42_Khadka y Vack_2012,case study,14
5_Bettinger y Tang_2015,case study,16
41_kanzian etal_2013,case study,6
34_Fotakis etal_2012,objective optimizati,15
3_Amiri_y_Mohammadi_2024,objective optimizati,20
24_Cambero y Sowlati_2016,objective optimizati,15
36_Gonzalez-Gonzalez etal,objective optimizati,7
32_Dujardin y Chades_2018,objective optimizati,23
14_Qiu etal_2023,objective optimizati,11
10_Eyvindson etal_2024,objective optimizati,33
12_Nabhani etal_2024,objective optimizati,11
28_Cheng etal_2024,objective optimizati,17
35_Fotakis_2015,objective optimizati,4
53_Pascual_2021,spatial optimization,8
43_Langner etal_2017,ecosystem service,13
19_Xiao etal_2022,ecosystem service,20
9_Eyvindson etal_2018,page composition dif,30
26_Chen etal_2019,page composition dif,52
Ejemplo_bibliografico_Ça,plan,18
42_Khadka y Vack_2012,plan,26
34_Fotakis etal_2012,genetic,30
7_Castro etal_2024,genetic,52
34_Fotakis etal_2012,optimization problem,7
32_Dujardin y Chades_2018,optimization problem,12
1_Abate etal_2024,optimization problem,12
9_Eyvindson etal_2018,official version,30
26_Chen etal_2019,official version,52
34_Fotakis etal_2012,harvest scheduling,9
36_Gonzalez-Gonzalez etal,harvest scheduling,17
40_Jones etal_2024,harvest scheduling,30
Ejemplo_bibliografico_Ça,harvest scheduling,21
35_Fotakis_2015,harvest scheduling,9
52_Neto etal_2020,harvest scheduling,19
47_Mazziotta etal_2025,writing review editi,7
10_Eyvindson etal_2024,writing review editi,11
1_Abate etal_2024,writing review editi,8
49_Nahorna etal_2025,writing review editi,5
37_Guo y He_2025,time,37
20_Baghizadeh etal_2021,time,39
26_Chen etal_2019,time,50
23_Bushaj etal_2021,time,104
55_Pierda-Jimenez etal_20,time,37
28_Cheng etal_2024,objective,64
28_Cheng etal_2024,model,57
28_Cheng etal_2024,forests,49
28_Cheng etal_2024,logging,46
28_Cheng etal_2024,optimization,43
28_Cheng etal_2024,study,36
28_Cheng etal_2024,parameter,33
28_Cheng etal_2024,figure,31
28_Cheng etal_2024,objective functions,19
28_Cheng etal_2024,multi objective opti,15
9_Eyvindson etal_2018,version record,30
26_Chen etal_2019,version record,52
34_Fotakis etal_2012,policy economics,14
Ejemplo_bibliografico_Ça,policy economics,10
2_Alvarez etal_2018,policy economics,13
55_Pierda-Jimenez etal_20,policy economics,22
20_Baghizadeh etal_2021,biomass supply,14
6_Cambero y Sowlati_2014,biomass supply,78
32_Dujardin y Chades_2018,point,88
45_Marques etal_2021,point,32
39_Huang y Shao_2025,point,46
16_Serrano etal_2021,san pedro alto,10
15_Serrano etal_2019,san pedro alto,17
35_Fotakis_2015,optimization algorit,4
30_Diao y Geng_2023,development,41
42_Khadka y Vack_2012,development,27
7_Castro etal_2024,nsga algorithm,16
39_Huang y Shao_2025,nsga algorithm,16
3_Amiri_y_Mohammadi_2024,decision making,26
20_Baghizadeh etal_2021,decision making,15
40_Jones etal_2024,decision making,8
22_Belval y Thomson_2023,decision making,22
32_Dujardin y Chades_2018,decision making,11
30_Diao y Geng_2023,decision making,13
50_Nanos etal_2024,decision making,12
48_Medeiros etal_2020,decision making,14
33_Ezquerro etal_2019,decision making,13
2_Alvarez etal_2018,decision making,7
13_POFF etal_2010,decision making,24
42_Khadka y Vack_2012,decision making,23
46_Marques etal_2021_B,decision making,36
9_Eyvindson etal_2018,manuscript accepted,30
26_Chen etal_2019,manuscript accepted,52
16_Serrano etal_2021,model,28
3_Amiri_y_Mohammadi_2024,model,54
24_Cambero y Sowlati_2016,model,50
37_Guo y He_2025,model,35
20_Baghizadeh etal_2021,model,108
40_Jones etal_2024,model,40
18_Wang etal_2021,model,51
53_Pascual_2021,model,19
11_Gutierrez-Franco etal_,model,47
51_Navarro-Cerrillo etal_,model,34
14_Qiu etal_2023,model,52
26_Chen etal_2019,model,60
43_Langner etal_2017,model,26
23_Bushaj etal_2021,model,57
Ejemplo_bibliografico_Ça,model,27
33_Ezquerro etal_2019,model,52
2_Alvarez etal_2018,model,26
12_Nabhani etal_2024,model,57
27_Chung etal_2015,model,19
49_Nahorna etal_2025,model,34
55_Pierda-Jimenez etal_20,model,44
39_Huang y Shao_2025,model,112
41_kanzian etal_2013,model,30
9_Eyvindson etal_2018,manuscript,60
26_Chen etal_2019,manuscript,104
18_Wang etal_2021,areas,43
30_Diao y Geng_2023,areas,79
53_Pascual_2021,tree selection,19
50_Nanos etal_2024,tree selection,9
18_Wang etal_2021,land,482
18_Wang etal_2021,spatial,132
18_Wang etal_2021,evaluation,131
18_Wang etal_2021,area,83
18_Wang etal_2021,protection,82
18_Wang etal_2021,china,75
18_Wang etal_2021,climate,59
18_Wang etal_2021,study,58
18_Wang etal_2021,index,47
18_Wang etal_2021,forests,43
18_Wang etal_2021,zoning,42
18_Wang etal_2021,crossref,42
18_Wang etal_2021,distribution,41
18_Wang etal_2021,system,38
18_Wang etal_2021,region,37
18_Wang etal_2021,pso,34
18_Wang etal_2021,change,32
18_Wang etal_2021,spatial distribution,33
18_Wang etal_2021,climate change,24
18_Wang etal_2021,forest fires,19
50_Nanos etal_2024,ecol manag crossref,12
14_Qiu etal_2023,ecol manag crossref,9
33_Ezquerro etal_2019,ecol manag crossref,9
7_Castro etal_2024,ecol manag crossref,4
32_Dujardin y Chades_2018,approaches,28
49_Nahorna etal_2025,approaches,27
55_Pierda-Jimenez etal_20,forest area,14
9_Eyvindson etal_2018,accepted manuscript,30
26_Chen etal_2019,accepted manuscript,52
37_Guo y He_2025,results,47
48_Medeiros etal_2020,results,30
5_Bettinger y Tang_2015,results,32
50_Nanos etal_2024,stand density,9
13_POFF etal_2010,stand density,10
53_Pascual_2021,tree,168
53_Pascual_2021,trees,65
53_Pascual_2021,spatial,47
53_Pascual_2021,level,39
53_Pascual_2021,optimization,36
53_Pascual_2021,objective,34
53_Pascual_2021,multi,30
53_Pascual_2021,selection,30
53_Pascual_2021,harvest,29
53_Pascual_2021,height,27
53_Pascual_2021,planning,23
53_Pascual_2021,area,21
53_Pascual_2021,decision,20
53_Pascual_2021,solutions,19
53_Pascual_2021,problems,19
53_Pascual_2021,harvested,19
53_Pascual_2021,methods,17
53_Pascual_2021,tree level,32
53_Pascual_2021,forest planning,14
53_Pascual_2021,forest management,14
53_Pascual_2021,airborne laser,8
53_Pascual_2021,single objective,7
53_Pascual_2021,airborne laser scann,8
53_Pascual_2021,forest management pl,5
53_Pascual_2021,mixed integer progra,4
53_Pascual_2021,multi objective opti,3
53_Pascual_2021,multi objective plan,3
20_Baghizadeh etal_2021,mathematical model,15
11_Gutierrez-Franco etal_,mathematical model,14
9_Eyvindson etal_2018,objective function v,5
3_Amiri_y_Mohammadi_2024,objective function v,19
39_Huang y Shao_2025,objective function v,5
23_Bushaj etal_2021,xxx xxxx,17
2_Alvarez etal_2018,xxx xxxx,11
34_Fotakis etal_2012,optimal,32
3_Amiri_y_Mohammadi_2024,optimal,103
20_Baghizadeh etal_2021,optimal,36
36_Gonzalez-Gonzalez etal,optimal,30
51_Navarro-Cerrillo etal_,optimal,24
50_Nanos etal_2024,optimal,26
23_Bushaj etal_2021,optimal,41
12_Nabhani etal_2024,optimal,43
7_Castro etal_2024,optimal,32
35_Fotakis_2015,optimal,11
17_Triviño etal_2015,stand,26
36_Gonzalez-Gonzalez etal,stand,40
47_Mazziotta etal_2025,stand,51
51_Navarro-Cerrillo etal_,stand,43
50_Nanos etal_2024,stand,38
14_Qiu etal_2023,stand,70
43_Langner etal_2017,stand,25
54_Pérez-Rodríguez etal,stand,29
21_Belavenutti etal_2023,stand,96
33_Ezquerro etal_2019,stand,35
12_Nabhani etal_2024,stand,53
7_Castro etal_2024,stand,50
13_POFF etal_2010,stand,32
35_Fotakis_2015,stand,18
49_Nahorna etal_2025,stand,30
55_Pierda-Jimenez etal_20,stand,51
52_Neto etal_2020,stand,34
5_Bettinger y Tang_2015,stand,58
23_Bushaj etal_2021,stage,97
39_Huang y Shao_2025,stage,48
34_Fotakis etal_2012,nsga,55
7_Castro etal_2024,nsga,95
27_Chung etal_2015,international forest,16
17_Triviño etal_2015,rotation,30
36_Gonzalez-Gonzalez etal,rotation,29
3_Amiri_y_Mohammadi_2024,environmental,73
24_Cambero y Sowlati_2016,environmental,36
20_Baghizadeh etal_2021,environmental,48
6_Cambero y Sowlati_2014,environmental,66
48_Medeiros etal_2020,environmental,97
29_Couture etal_2021,garcia gonzalo,4
55_Pierda-Jimenez etal_20,garcia gonzalo,13
16_Serrano etal_2021,zoning,21
37_Guo y He_2025,frontiers forests,16
1_Abate etal_2024,frontiers forests,14
36_Gonzalez-Gonzalez etal,approach,20
32_Dujardin y Chades_2018,approach,43
45_Marques etal_2021,approach,33
1_Abate etal_2024,approach,47
49_Nahorna etal_2025,approach,65
9_Eyvindson etal_2018,copy editing,30
26_Chen etal_2019,copy editing,52
21_Belavenutti etal_2023,fuel,140
21_Belavenutti etal_2023,fire,115
21_Belavenutti etal_2023,thinning,96
21_Belavenutti etal_2023,objective,94
21_Belavenutti etal_2023,project,86
21_Belavenutti etal_2023,revenue,77
21_Belavenutti etal_2023,volume,72
21_Belavenutti etal_2023,stands,64
21_Belavenutti etal_2023,wildfire,61
21_Belavenutti etal_2023,area,59
21_Belavenutti etal_2023,treatments,58
21_Belavenutti etal_2023,costs,58
21_Belavenutti etal_2023,per,58
21_Belavenutti etal_2023,multi,55
21_Belavenutti etal_2023,non,51
21_Belavenutti etal_2023,crossref,50
21_Belavenutti etal_2023,network,48
21_Belavenutti etal_2023,scenario,48
21_Belavenutti etal_2023,forest service,23
21_Belavenutti etal_2023,usda forest,17
9_Eyvindson etal_2018,copy,30
26_Chen etal_2019,copy,52
10_Eyvindson etal_2024,optimization,129
10_Eyvindson etal_2024,objective,110
10_Eyvindson etal_2024,objectives,98
10_Eyvindson etal_2024,open,91
10_Eyvindson etal_2024,tool,81
10_Eyvindson etal_2024,research,77
10_Eyvindson etal_2024,users,55
10_Eyvindson etal_2024,information,53
10_Eyvindson etal_2024,multi,52
10_Eyvindson etal_2024,planning,46
10_Eyvindson etal_2024,ecosystem services,40
10_Eyvindson etal_2024,forest management,33
10_Eyvindson etal_2024,trade offs,32
10_Eyvindson etal_2024,forest planning,29
10_Eyvindson etal_2024,objective functions,24
10_Eyvindson etal_2024,optimization problem,16
10_Eyvindson etal_2024,pareto optimal,15
10_Eyvindson etal_2024,multi objective opti,32
10_Eyvindson etal_2024,forest management pl,8
10_Eyvindson etal_2024,multi objective prob,7
34_Fotakis etal_2012,multi objective opti,14
3_Amiri_y_Mohammadi_2024,multi objective opti,19
24_Cambero y Sowlati_2016,multi objective opti,13
36_Gonzalez-Gonzalez etal,multi objective opti,7
32_Dujardin y Chades_2018,multi objective opti,19
50_Nanos etal_2024,multi objective opti,4
14_Qiu etal_2023,multi objective opti,9
26_Chen etal_2019,multi objective opti,9
6_Cambero y Sowlati_2014,multi objective opti,9
19_Xiao etal_2022,multi objective opti,11
12_Nabhani etal_2024,multi objective opti,8
7_Castro etal_2024,multi objective opti,4
35_Fotakis_2015,multi objective opti,3
49_Nahorna etal_2025,multi objective opti,7
52_Neto etal_2020,multi objective opti,7
39_Huang y Shao_2025,multi objective opti,8
41_kanzian etal_2013,multi objective opti,4
5_Bettinger y Tang_2015,species,160
5_Bettinger y Tang_2015,tree,143
5_Bettinger y Tang_2015,trees,93
5_Bettinger y Tang_2015,index,75
5_Bettinger y Tang_2015,harvest,61
5_Bettinger y Tang_2015,level,57
5_Bettinger y Tang_2015,forests,53
5_Bettinger y Tang_2015,process,39
5_Bettinger y Tang_2015,per,39
5_Bettinger y Tang_2015,oak,37
5_Bettinger y Tang_2015,set,36
5_Bettinger y Tang_2015,case,32
5_Bettinger y Tang_2015,solutions,29
5_Bettinger y Tang_2015,spatial,26
5_Bettinger y Tang_2015,aged,25
5_Bettinger y Tang_2015,solution,25
5_Bettinger y Tang_2015,species mingling,74
5_Bettinger y Tang_2015,tree species,44
5_Bettinger y Tang_2015,united states,29
5_Bettinger y Tang_2015,tree level,25
5_Bettinger y Tang_2015,uneven aged,24
5_Bettinger y Tang_2015,basal area,17
5_Bettinger y Tang_2015,ecol manag,13
5_Bettinger y Tang_2015,stand level,10
5_Bettinger y Tang_2015,forest management,9
43_Langner etal_2017,indicators,21
33_Ezquerro etal_2019,indicators,34
42_Khadka y Vack_2012,indicators,37
11_Gutierrez-Franco etal_,profit,80
41_kanzian etal_2013,profit,34
3_Amiri_y_Mohammadi_2024,table,67
43_Langner etal_2017,table,27
45_Marques etal_2021,table,32
12_Nabhani etal_2024,table,42
55_Pierda-Jimenez etal_20,table,30
47_Mazziotta etal_2025,trade,48
43_Langner etal_2017,trade,82
12_Nabhani etal_2024,trade,33
1_Abate etal_2024,trade,43
9_Eyvindson etal_2018,personal manuscript ,30
26_Chen etal_2019,personal manuscript ,52
9_Eyvindson etal_2018,prior copy editing,30
26_Chen etal_2019,prior copy editing,52
40_Jones etal_2024,habitat,66
47_Mazziotta etal_2025,habitat,54
52_Neto etal_2020,habitat,37
9_Eyvindson etal_2018,problem,39
34_Fotakis etal_2012,problem,42
36_Gonzalez-Gonzalez etal,problem,38
22_Belval y Thomson_2023,problem,46
32_Dujardin y Chades_2018,problem,44
23_Bushaj etal_2021,problem,104
Ejemplo_bibliografico_Ça,problem,20
45_Marques etal_2021,problem,52
2_Alvarez etal_2018,problem,24
7_Castro etal_2024,problem,46
1_Abate etal_2024,problem,62
27_Chung etal_2015,problem,19
35_Fotakis_2015,problem,14
52_Neto etal_2020,problem,33
9_Eyvindson etal_2018,composition,30
26_Chen etal_2019,composition,52
43_Langner etal_2017,multi criteria,9
33_Ezquerro etal_2019,multi criteria,11
42_Khadka y Vack_2012,multi criteria,20
22_Belval y Thomson_2023,decision makers,64
2_Alvarez etal_2018,decision makers,13
13_POFF etal_2010,decision makers,11
3_Amiri_y_Mohammadi_2024,carbon,100
37_Guo y He_2025,carbon,125
17_Triviño etal_2015,carbon,290
48_Medeiros etal_2020,carbon,35
54_Pérez-Rodríguez etal,carbon,54
2_Alvarez etal_2018,carbon,27
12_Nabhani etal_2024,carbon,57
55_Pierda-Jimenez etal_20,carbon,68
34_Fotakis etal_2012,timber volume,6
27_Chung etal_2015,timber volume,12
35_Fotakis_2015,timber volume,6
24_Cambero y Sowlati_2016,supply,114
20_Baghizadeh etal_2021,supply,147
11_Gutierrez-Franco etal_,supply,156
50_Nanos etal_2024,supply,36
26_Chen etal_2019,supply,122
6_Cambero y Sowlati_2014,supply,137
41_kanzian etal_2013,supply,55
11_Gutierrez-Franco etal_,co2 emissions,63
41_kanzian etal_2013,co2 emissions,22
20_Baghizadeh etal_2021,biomass supply chain,8
11_Gutierrez-Franco etal_,biomass supply chain,6
6_Cambero y Sowlati_2014,biomass supply chain,21
16_Serrano etal_2021,production,23
37_Guo y He_2025,production,33
17_Triviño etal_2015,production,26
20_Baghizadeh etal_2021,production,53
30_Diao y Geng_2023,production,24
11_Gutierrez-Franco etal_,production,73
6_Cambero y Sowlati_2014,production,91
48_Medeiros etal_2020,production,100
24_Cambero y Sowlati_2016,energy,57
6_Cambero y Sowlati_2014,energy,153
41_kanzian etal_2013,energy,69
23_Bushaj etal_2021,xxxx xxx,17
2_Alvarez etal_2018,xxxx xxx,11
3_Amiri_y_Mohammadi_2024,economic,75
47_Mazziotta etal_2025,economic,29
30_Diao y Geng_2023,economic,24
6_Cambero y Sowlati_2014,economic,89
48_Medeiros etal_2020,economic,65
Ejemplo_bibliografico_Ça,economic,19
32_Dujardin y Chades_2018,integer linear progr,4
51_Navarro-Cerrillo etal_,integer linear progr,6
23_Bushaj etal_2021,conditional value ri,11
2_Alvarez etal_2018,conditional value ri,4
49_Nahorna etal_2025,conditional value ri,5
34_Fotakis etal_2012,old forest,15
35_Fotakis_2015,old forest,5
9_Eyvindson etal_2018,final official versi,30
26_Chen etal_2019,final official versi,52
43_Langner etal_2017,case study area,11
45_Marques etal_2021,case study area,9
46_Marques etal_2021_B,case study area,5
34_Fotakis etal_2012,spatial,76
34_Fotakis etal_2012,solutions,49
34_Fotakis etal_2012,objective,42
34_Fotakis etal_2012,optimization,41
34_Fotakis etal_2012,planning,39
34_Fotakis etal_2012,algorithm,30
34_Fotakis etal_2012,pareto,29
34_Fotakis etal_2012,algorithms,28
34_Fotakis etal_2012,solution,27
34_Fotakis etal_2012,multi,26
34_Fotakis etal_2012,local,26
34_Fotakis etal_2012,land,25
34_Fotakis etal_2012,harvest,23
34_Fotakis etal_2012,problems,21
34_Fotakis etal_2012,front,20
34_Fotakis etal_2012,non,19
34_Fotakis etal_2012,sediment,17
34_Fotakis etal_2012,period,17
34_Fotakis etal_2012,policy,16
34_Fotakis etal_2012,forest planning,27
34_Fotakis etal_2012,pareto front,18
34_Fotakis etal_2012,forest policy,15
34_Fotakis etal_2012,genetic algorithm,13
34_Fotakis etal_2012,genetic algorithms,13
34_Fotakis etal_2012,timber harvest,11
34_Fotakis etal_2012,optimal solution,11
34_Fotakis etal_2012,time period,9
34_Fotakis etal_2012,optimal solutions,8
34_Fotakis etal_2012,non dominated,8
34_Fotakis etal_2012,planning problems,6
34_Fotakis etal_2012,forest policy econom,14
34_Fotakis etal_2012,optimal solution tim,6
34_Fotakis etal_2012,harvest scheduling p,4
34_Fotakis etal_2012,forest planning prob,4
48_Medeiros etal_2020,land,34
19_Xiao etal_2022,land,57
2_Alvarez etal_2018,land,29
13_POFF etal_2010,land,25
22_Belval y Thomson_2023,analysis,50
30_Diao y Geng_2023,analysis,20
43_Langner etal_2017,analysis,42
19_Xiao etal_2022,analysis,50
27_Chung etal_2015,analysis,21
13_POFF etal_2010,analysis,41
42_Khadka y Vack_2012,analysis,33
46_Marques etal_2021_B,analysis,54
2_Alvarez etal_2018,harvested,24
32_Dujardin y Chades_2018,methods,38
9_Eyvindson etal_2018,pareto optimal,18
3_Amiri_y_Mohammadi_2024,pareto optimal,46
24_Cambero y Sowlati_2016,pareto optimal,19
17_Triviño etal_2015,pareto optimal,12
36_Gonzalez-Gonzalez etal,pareto optimal,6
12_Nabhani etal_2024,pareto optimal,21
41_kanzian etal_2013,pareto optimal,5
3_Amiri_y_Mohammadi_2024,amount,52
20_Baghizadeh etal_2021,amount,36
37_Guo y He_2025,research,28
23_Bushaj etal_2021,research,46
Ejemplo_bibliografico_Ça,research,69
52_Neto etal_2020,research,31
9_Eyvindson etal_2018,page composition,30
26_Chen etal_2019,page composition,52
7_Castro etal_2024,pareto front,18
35_Fotakis_2015,pareto front,9
52_Neto etal_2020,pareto front,16
3_Amiri_y_Mohammadi_2024,growth,67
17_Triviño etal_2015,growth,25
54_Pérez-Rodríguez etal,growth,52
37_Guo y He_2025,forest resources,34
30_Diao y Geng_2023,forest resources,16
39_Huang y Shao_2025,forest resources,11
22_Belval y Thomson_2023,process,26
29_Couture etal_2021,process,8
42_Khadka y Vack_2012,process,41
46_Marques etal_2021_B,process,30
32_Dujardin y Chades_2018,non,25
29_Couture etal_2021,non,5
50_Nanos etal_2024,trees,93
50_Nanos etal_2024,tree,66
50_Nanos etal_2024,crossref,53
50_Nanos etal_2024,figure,40
50_Nanos etal_2024,number,37
50_Nanos etal_2024,year,35
50_Nanos etal_2024,objective,33
50_Nanos etal_2024,forests,32
50_Nanos etal_2024,density,31
50_Nanos etal_2024,objectives,29
50_Nanos etal_2024,solutions,28
50_Nanos etal_2024,optimization,25
50_Nanos etal_2024,planning,24
50_Nanos etal_2024,selection,21
50_Nanos etal_2024,manag crossref,13
50_Nanos etal_2024,forest management,12
50_Nanos etal_2024,ecol manag,12
50_Nanos etal_2024,tree density,8
50_Nanos etal_2024,genetic algorithm,8
50_Nanos etal_2024,trade offs,8
50_Nanos etal_2024,trade offs among,6
19_Xiao etal_2022,connectivity,36
52_Neto etal_2020,connectivity,35
55_Pierda-Jimenez etal_20,sequestration,60
55_Pierda-Jimenez etal_20,http,56
55_Pierda-Jimenez etal_20,stands,54
55_Pierda-Jimenez etal_20,planning,45
55_Pierda-Jimenez etal_20,objective,41
55_Pierda-Jimenez etal_20,policy,34
55_Pierda-Jimenez etal_20,wood,33
55_Pierda-Jimenez etal_20,instances,32
55_Pierda-Jimenez etal_20,pareto,31
55_Pierda-Jimenez etal_20,carbon sequestration,37
55_Pierda-Jimenez etal_20,forest management,37
55_Pierda-Jimenez etal_20,forest policy,23
55_Pierda-Jimenez etal_20,planning horizon,19
55_Pierda-Jimenez etal_20,clear cutting,18
55_Pierda-Jimenez etal_20,forest planning,15
55_Pierda-Jimenez etal_20,single objective,14
55_Pierda-Jimenez etal_20,net present,13
55_Pierda-Jimenez etal_20,present value,13
55_Pierda-Jimenez etal_20,management prescript,10
55_Pierda-Jimenez etal_20,forest policy econom,22
55_Pierda-Jimenez etal_20,net present value,13
55_Pierda-Jimenez etal_20,pareto optimal solut,6
24_Cambero y Sowlati_2016,ghg emissions,21
11_Gutierrez-Franco etal_,ghg emissions,17
11_Gutierrez-Franco etal_,supply chain design,14
11_Gutierrez-Franco etal_,plants,56
41_kanzian etal_2013,plants,27
37_Guo y He_2025,forests global,16
1_Abate etal_2024,forests global,14
54_Pérez-Rodríguez etal,decision support sys,7
Ejemplo_bibliografico_Ça,decision support sys,6
17_Triviño etal_2015,finland,25
47_Mazziotta etal_2025,finland,32
36_Gonzalez-Gonzalez etal,decision making proc,4
22_Belval y Thomson_2023,decision making proc,7
46_Marques etal_2021_B,decision making proc,8
23_Bushaj etal_2021,operational research,29
52_Neto etal_2020,operational research,18
33_Ezquerro etal_2019,manag crossref,17
16_Serrano etal_2021,best,19
48_Medeiros etal_2020,best,35
32_Dujardin y Chades_2018,non dominated,23
26_Chen etal_2019,non dominated,28
7_Castro etal_2024,non dominated,15
32_Dujardin y Chades_2018,reference,66
49_Nahorna etal_2025,reference,45
9_Eyvindson etal_2018,manuscript prior cop,30
26_Chen etal_2019,manuscript prior cop,52
Ejemplo_bibliografico_Ça,forest policy,11
2_Alvarez etal_2018,forest policy,14
30_Diao y Geng_2023,index,25
14_Qiu etal_2023,index,56
19_Xiao etal_2022,index,50
52_Neto etal_2020,index,37
40_Jones etal_2024,output,30
30_Diao y Geng_2023,output,43
20_Baghizadeh etal_2021,supply chain managem,10
15_Serrano etal_2019,modelo,29
15_Serrano etal_2019,san pedro,17
15_Serrano etal_2019,pedro alto,17
15_Serrano etal_2019,genetic algorithm,10
17_Triviño etal_2015,thinning,25
47_Mazziotta etal_2025,thinning,32
51_Navarro-Cerrillo etal_,thinning,120
14_Qiu etal_2023,thinning,78
43_Langner etal_2017,offs,52
43_Langner etal_2017,goal,52
43_Langner etal_2017,study,49
43_Langner etal_2017,alternatives,49
43_Langner etal_2017,case,48
43_Langner etal_2017,utility,36
43_Langner etal_2017,http,28
43_Langner etal_2017,scenario,27
43_Langner etal_2017,protection,26
43_Langner etal_2017,forests,23
43_Langner etal_2017,trade offs,52
43_Langner etal_2017,ecosystem services,34
43_Langner etal_2017,management alternati,20
43_Langner etal_2017,forest management,18
43_Langner etal_2017,timber production,13
43_Langner etal_2017,management regimes,13
43_Langner etal_2017,study area,11
43_Langner etal_2017,climate change,9
43_Langner etal_2017,timber production ca,4
43_Langner etal_2017,multiple ecosystem s,4
6_Cambero y Sowlati_2014,wood,66
6_Cambero y Sowlati_2014,chain,57
6_Cambero y Sowlati_2014,optimization,55
6_Cambero y Sowlati_2014,alternatives,54
6_Cambero y Sowlati_2014,studies,53
6_Cambero y Sowlati_2014,social,50
6_Cambero y Sowlati_2014,cycle,48
6_Cambero y Sowlati_2014,design,37
6_Cambero y Sowlati_2014,evaluation,31
6_Cambero y Sowlati_2014,decision,27
6_Cambero y Sowlati_2014,forest biomass,151
6_Cambero y Sowlati_2014,supply chains,68
6_Cambero y Sowlati_2014,life cycle,47
6_Cambero y Sowlati_2014,cycle assessment,27
6_Cambero y Sowlati_2014,economic environment,20
6_Cambero y Sowlati_2014,cambero sowlati,11
6_Cambero y Sowlati_2014,life cycle assessmen,27
16_Serrano etal_2021,forest planning prob,4
48_Medeiros etal_2020,year,31
9_Eyvindson etal_2018,risk,64
51_Navarro-Cerrillo etal_,risk,27
29_Couture etal_2021,risk,9
19_Xiao etal_2022,risk,52
23_Bushaj etal_2021,risk,282
2_Alvarez etal_2018,risk,34
14_Qiu etal_2023,distribution,80
36_Gonzalez-Gonzalez etal,forest harvest sched,4
Ejemplo_bibliografico_Ça,forest harvest sched,5
35_Fotakis_2015,forest harvest sched,2
26_Chen etal_2019,carbon emissions,25
32_Dujardin y Chades_2018,linear programming,18
Ejemplo_bibliografico_Ça,linear programming,7
16_Serrano etal_2021,forest planning,13
9_Eyvindson etal_2018,forest planning,9
37_Guo y He_2025,forest planning,17
36_Gonzalez-Gonzalez etal,forest planning,10
40_Jones etal_2024,forest planning,8
14_Qiu etal_2023,forest planning,25
Ejemplo_bibliografico_Ça,forest planning,32
33_Ezquerro etal_2019,forest planning,13
2_Alvarez etal_2018,forest planning,11
7_Castro etal_2024,forest planning,24
35_Fotakis_2015,forest planning,14
49_Nahorna etal_2025,forest planning,18
45_Marques etal_2021,pareto frontiers,10
2_Alvarez etal_2018,pareto frontiers,10
1_Abate etal_2024,pareto frontiers,10
3_Amiri_y_Mohammadi_2024,objective functions,27
20_Baghizadeh etal_2021,objective functions,15
51_Navarro-Cerrillo etal_,objective functions,13
12_Nabhani etal_2024,objective functions,13
35_Fotakis_2015,objective functions,5
3_Amiri_y_Mohammadi_2024,carbon sequestration,77
37_Guo y He_2025,carbon sequestration,27
17_Triviño etal_2015,carbon sequestration,37
54_Pérez-Rodríguez etal,carbon sequestration,17
2_Alvarez etal_2018,carbon sequestration,16
12_Nabhani etal_2024,carbon sequestration,31
9_Eyvindson etal_2018,version record page,26
26_Chen etal_2019,version record page,49
3_Amiri_y_Mohammadi_2024,objective,151
24_Cambero y Sowlati_2016,objective,79
20_Baghizadeh etal_2021,objective,92
36_Gonzalez-Gonzalez etal,objective,40
40_Jones etal_2024,objective,69
32_Dujardin y Chades_2018,objective,77
51_Navarro-Cerrillo etal_,objective,57
29_Couture etal_2021,objective,8
14_Qiu etal_2023,objective,31
26_Chen etal_2019,objective,44
23_Bushaj etal_2021,objective,86
54_Pérez-Rodríguez etal,objective,54
12_Nabhani etal_2024,objective,84
7_Castro etal_2024,objective,66
13_POFF etal_2010,objective,60
35_Fotakis_2015,objective,19
49_Nahorna etal_2025,objective,72
52_Neto etal_2020,objective,48
39_Huang y Shao_2025,objective,73
41_kanzian etal_2013,objective,20
32_Dujardin y Chades_2018,points,40
11_Gutierrez-Franco etal_,points,44
45_Marques etal_2021,points,32
2_Alvarez etal_2018,points,20
39_Huang y Shao_2025,points,38
14_Qiu etal_2023,species mingling,18
32_Dujardin y Chades_2018,decision,70
32_Dujardin y Chades_2018,conservation,69
32_Dujardin y Chades_2018,multi,67
32_Dujardin y Chades_2018,optimization,63
32_Dujardin y Chades_2018,problems,46
32_Dujardin y Chades_2018,objectives,31
32_Dujardin y Chades_2018,criteria,31
32_Dujardin y Chades_2018,species,30
32_Dujardin y Chades_2018,programming,28
32_Dujardin y Chades_2018,maker,27
32_Dujardin y Chades_2018,preferences,23
32_Dujardin y Chades_2018,pone,21
32_Dujardin y Chades_2018,plos,19
32_Dujardin y Chades_2018,pareto,18
32_Dujardin y Chades_2018,reference point,63
32_Dujardin y Chades_2018,decision maker,26
32_Dujardin y Chades_2018,pareto frontier,13
32_Dujardin y Chades_2018,single objective,8
32_Dujardin y Chades_2018,preferences decision,8
32_Dujardin y Chades_2018,weighted sum method,5
32_Dujardin y Chades_2018,decision maker prefe,4
32_Dujardin y Chades_2018,single objective opt,4
32_Dujardin y Chades_2018,markov decision proc,4
51_Navarro-Cerrillo etal_,energy wood,11
41_kanzian etal_2013,energy wood,52
52_Neto etal_2020,mixed integer progra,5
54_Pérez-Rodríguez etal,scenarios,87
54_Pérez-Rodríguez etal,figure,72
54_Pérez-Rodríguez etal,wood,63
54_Pérez-Rodríguez etal,fire,59
54_Pérez-Rodríguez etal,scenario,56
54_Pérez-Rodríguez etal,objectives,51
54_Pérez-Rodríguez etal,stands,46
54_Pérez-Rodríguez etal,volume,43
54_Pérez-Rodríguez etal,area,43
54_Pérez-Rodríguez etal,crossref,43
54_Pérez-Rodríguez etal,climate,41
54_Pérez-Rodríguez etal,tool,38
54_Pérez-Rodríguez etal,optimization,38
54_Pérez-Rodríguez etal,period,32
54_Pérez-Rodríguez etal,criteria,31
54_Pérez-Rodríguez etal,forest management,40
54_Pérez-Rodríguez etal,maritime pine,23
54_Pérez-Rodríguez etal,ecosystem services,14
54_Pérez-Rodríguez etal,decision support,14
54_Pérez-Rodríguez etal,management objective,12
54_Pérez-Rodríguez etal,net present,10
54_Pérez-Rodríguez etal,present value,10
54_Pérez-Rodríguez etal,fire occurrence,10
54_Pérez-Rodríguez etal,yes yes yes,65
54_Pérez-Rodríguez etal,net present value,10
54_Pérez-Rodríguez etal,scenario scenario sc,8
54_Pérez-Rodríguez etal,present value npv,6
20_Baghizadeh etal_2021,sustainable supply c,7
11_Gutierrez-Franco etal_,sustainable supply c,10
13_POFF etal_2010,tree density,12
22_Belval y Thomson_2023,centers,46
11_Gutierrez-Franco etal_,centers,89
9_Eyvindson etal_2018,objectives,38
36_Gonzalez-Gonzalez etal,objectives,22
40_Jones etal_2024,objectives,46
22_Belval y Thomson_2023,objectives,53
Ejemplo_bibliografico_Ça,objectives,28
7_Castro etal_2024,objectives,32
13_POFF etal_2010,objectives,51
35_Fotakis_2015,objectives,11
41_kanzian etal_2013,per,19
9_Eyvindson etal_2018,value risk,13
23_Bushaj etal_2021,value risk,22
49_Nahorna etal_2025,value risk,10
3_Amiri_y_Mohammadi_2024,economic environment,23
16_Serrano etal_2021,harvest,20
17_Triviño etal_2015,harvest,57
20_Baghizadeh etal_2021,harvest,37
36_Gonzalez-Gonzalez etal,harvest,38
40_Jones etal_2024,harvest,37
Ejemplo_bibliografico_Ça,harvest,34
12_Nabhani etal_2024,harvest,59
7_Castro etal_2024,harvest,41
27_Chung etal_2015,harvest,18
35_Fotakis_2015,harvest,32
52_Neto etal_2020,harvest,28
46_Marques etal_2021_B,preferences,59
35_Fotakis_2015,optimal solution,5
17_Triviño etal_2015,storage,55
52_Neto etal_2020,area,119
52_Neto etal_2020,solutions,53
52_Neto etal_2020,node,47
52_Neto etal_2020,total,42
52_Neto etal_2020,tree,35
52_Neto etal_2020,number,34
52_Neto etal_2020,search,30
52_Neto etal_2020,instances,28
52_Neto etal_2020,pareto,28
52_Neto etal_2020,period,28
52_Neto etal_2020,planning,26
52_Neto etal_2020,net present,24
52_Neto etal_2020,present value,23
52_Neto etal_2020,european operational,16
52_Neto etal_2020,habitat area,14
52_Neto etal_2020,total area,12
52_Neto etal_2020,mixed integer,9
52_Neto etal_2020,net present value,22
52_Neto etal_2020,european operational,16
52_Neto etal_2020,canadian forest rese,8
52_Neto etal_2020,harvest scheduling p,7
52_Neto etal_2020,weighted sum method,5
37_Guo y He_2025,wood price,16
12_Nabhani etal_2024,wood price,12
20_Baghizadeh etal_2021,chain,121
20_Baghizadeh etal_2021,period,86
20_Baghizadeh etal_2021,wood,84
20_Baghizadeh etal_2021,crossref,84
20_Baghizadeh etal_2021,number,70
20_Baghizadeh etal_2021,capacity,54
20_Baghizadeh etal_2021,demand,44
20_Baghizadeh etal_2021,multi,42
20_Baghizadeh etal_2021,harvesting,40
20_Baghizadeh etal_2021,transport,39
20_Baghizadeh etal_2021,cost,38
20_Baghizadeh etal_2021,transportation,36
20_Baghizadeh etal_2021,social,36
20_Baghizadeh etal_2021,forests,35
20_Baghizadeh etal_2021,period time,24
20_Baghizadeh etal_2021,supply chains,15
20_Baghizadeh etal_2021,supply chain network,11
20_Baghizadeh etal_2021,clean prod crossref,8
42_Khadka y Vack_2012,groups,58
46_Marques etal_2021_B,groups,31
40_Jones etal_2024,multi objective fore,6
14_Qiu etal_2023,multi objective fore,14
7_Castro etal_2024,multi objective fore,7
9_Eyvindson etal_2018,forest management pl,8
37_Guo y He_2025,forest management pl,6
Ejemplo_bibliografico_Ça,forest management pl,6
45_Marques etal_2021,forest management pl,8
33_Ezquerro etal_2019,forest management pl,6
12_Nabhani etal_2024,forest management pl,8
7_Castro etal_2024,forest management pl,5
1_Abate etal_2024,forest management pl,13
49_Nahorna etal_2025,forest management pl,5
46_Marques etal_2021_B,forest management pl,12
40_Jones etal_2024,pone,32
24_Cambero y Sowlati_2016,supply chains,17
11_Gutierrez-Franco etal_,supply chains,12
23_Bushaj etal_2021,european operational,30
33_Ezquerro etal_2019,cutting,25
Ejemplo_bibliografico_Ça,programming,21
33_Ezquerro etal_2019,programming,28
13_POFF etal_2010,programming,35
19_Xiao etal_2022,corridors,48
27_Chung etal_2015,corridors,21
36_Gonzalez-Gonzalez etal,pareto frontier,23
51_Navarro-Cerrillo etal_,pareto frontier,17
29_Couture etal_2021,pareto frontier,8
45_Marques etal_2021,pareto frontier,77
2_Alvarez etal_2018,pareto frontier,7
1_Abate etal_2024,pareto frontier,53
11_Gutierrez-Franco etal_,cost,100
26_Chen etal_2019,cost,66
27_Chung etal_2015,cost,44
39_Huang y Shao_2025,cost,37
26_Chen etal_2019,total cost,27
33_Ezquerro etal_2019,ecol manag,9
27_Chung etal_2015,forest engineering,17
41_kanzian etal_2013,forest engineering,5
26_Chen etal_2019,regional timber,15
3_Amiri_y_Mohammadi_2024,crossref,56
11_Gutierrez-Franco etal_,crossref,50
14_Qiu etal_2023,crossref,45
48_Medeiros etal_2020,crossref,38
Ejemplo_bibliografico_Ça,crossref,116
45_Marques etal_2021,crossref,45
33_Ezquerro etal_2019,crossref,93
7_Castro etal_2024,crossref,54
46_Marques etal_2021_B,crossref,31
41_kanzian etal_2013,transport,45
40_Jones etal_2024,landscape,41
47_Mazziotta etal_2025,landscape,30
19_Xiao etal_2022,landscape,62
1_Abate etal_2024,landscape,28
22_Belval y Thomson_2023,system,69
30_Diao y Geng_2023,system,20
48_Medeiros etal_2020,system,69
37_Guo y He_2025,scenario scenario sc,67
16_Serrano etal_2021,multi,26
36_Gonzalez-Gonzalez etal,multi,19
40_Jones etal_2024,multi,50
30_Diao y Geng_2023,multi,21
14_Qiu etal_2023,multi,44
23_Bushaj etal_2021,multi,46
33_Ezquerro etal_2019,multi,23
7_Castro etal_2024,multi,36
49_Nahorna etal_2025,multi,33
42_Khadka y Vack_2012,multi,26
39_Huang y Shao_2025,multi,67
27_Chung etal_2015,costs,76
27_Chung etal_2015,logging,52
27_Chung etal_2015,road,51
27_Chung etal_2015,network,45
27_Chung etal_2015,algorithm,29
27_Chung etal_2015,state,27
27_Chung etal_2015,university,27
27_Chung etal_2015,volume,27
27_Chung etal_2015,corridor,24
27_Chung etal_2015,figure,22
27_Chung etal_2015,transportation,19
27_Chung etal_2015,timber harvest,10
17_Triviño etal_2015,timber production,14
47_Mazziotta etal_2025,timber production,13
35_Fotakis_2015,timber production,6
17_Triviño etal_2015,multiple ecosystem s,5
1_Abate etal_2024,multiple ecosystem s,4
40_Jones etal_2024,plos,44
Ejemplo_bibliografico_Ça,studies,34
40_Jones etal_2024,basal area,9
13_POFF etal_2010,basal area,39
9_Eyvindson etal_2018,personal manuscript,30
26_Chen etal_2019,personal manuscript,52
26_Chen etal_2019,timber supply,33
16_Serrano etal_2021,mixed integer,7
23_Bushaj etal_2021,mixed integer,18
9_Eyvindson etal_2018,accepted,30
26_Chen etal_2019,accepted,52
24_Cambero y Sowlati_2016,optimal solutions,18
12_Nabhani etal_2024,optimal solutions,15
7_Castro etal_2024,optimal solutions,8
37_Guo y He_2025,logging,53
16_Serrano etal_2021,planning problems,8
9_Eyvindson etal_2018,flow,36
36_Gonzalez-Gonzalez etal,flow,21
40_Jones etal_2024,flow,38
24_Cambero y Sowlati_2016,total,45
37_Guo y He_2025,total,46
11_Gutierrez-Franco etal_,total,48
51_Navarro-Cerrillo etal_,total,58
45_Marques etal_2021,total,32
17_Triviño etal_2015,climate change,17
48_Medeiros etal_2020,climate change,16
12_Nabhani etal_2024,climate change,12
7_Castro etal_2024,climate change,7
37_Guo y He_2025,scenarios,80
23_Bushaj etal_2021,scenarios,83
2_Alvarez etal_2018,scenarios,50
Ejemplo_bibliografico_Ça,canadian forest rese,11
14_Qiu etal_2023,tree,136
14_Qiu etal_2023,spatial,86
14_Qiu etal_2023,structure,80
14_Qiu etal_2023,trees,74
14_Qiu etal_2023,species,64
14_Qiu etal_2023,pso,62
14_Qiu etal_2023,optimization,46
14_Qiu etal_2023,forests,36
14_Qiu etal_2023,figure,34
14_Qiu etal_2023,planning,32
14_Qiu etal_2023,tree species,31
14_Qiu etal_2023,tree level,20
14_Qiu etal_2023,forest management,20
14_Qiu etal_2023,spatial distribution,15
14_Qiu etal_2023,objective forest,14
14_Qiu etal_2023,objective forest pla,7
3_Amiri_y_Mohammadi_2024,solution,214
3_Amiri_y_Mohammadi_2024,species,84
3_Amiri_y_Mohammadi_2024,sequestration,79
3_Amiri_y_Mohammadi_2024,forests,74
3_Amiri_y_Mohammadi_2024,level,70
3_Amiri_y_Mohammadi_2024,volume,60
3_Amiri_y_Mohammadi_2024,harvesting,59
3_Amiri_y_Mohammadi_2024,figure,56
3_Amiri_y_Mohammadi_2024,pareto,54
3_Amiri_y_Mohammadi_2024,forest management,49
3_Amiri_y_Mohammadi_2024,amount carbon,34
3_Amiri_y_Mohammadi_2024,tree species,18
37_Guo y He_2025,spatial,34
47_Mazziotta etal_2025,spatial,65
12_Nabhani etal_2024,spatial,39
7_Castro etal_2024,spatial,32
1_Abate etal_2024,spatial,42
13_POFF etal_2010,spatial,28
35_Fotakis_2015,spatial,27
12_Nabhani etal_2024,yes yes yes,9
48_Medeiros etal_2020,cycle,40
40_Jones etal_2024,objective forest pla,5
7_Castro etal_2024,objective forest pla,5
35_Fotakis_2015,objective forest pla,3
33_Ezquerro etal_2019,criteria indicators,9
42_Khadka y Vack_2012,criteria indicators,22
36_Gonzalez-Gonzalez etal,scheduling,18
40_Jones etal_2024,scheduling,35
Ejemplo_bibliografico_Ça,scheduling,27
36_Gonzalez-Gonzalez etal,preferences decision,4
11_Gutierrez-Franco etal_,design,59
9_Eyvindson etal_2018,decision,34
36_Gonzalez-Gonzalez etal,decision,26
22_Belval y Thomson_2023,decision,196
29_Couture etal_2021,decision,8
48_Medeiros etal_2020,decision,31
Ejemplo_bibliografico_Ça,decision,18
45_Marques etal_2021,decision,47
33_Ezquerro etal_2019,decision,27
2_Alvarez etal_2018,decision,34
1_Abate etal_2024,decision,39
13_POFF etal_2010,decision,66
49_Nahorna etal_2025,decision,53
42_Khadka y Vack_2012,decision,39
46_Marques etal_2021_B,decision,104
39_Huang y Shao_2025,decision,57
9_Eyvindson etal_2018,reference point,17
22_Belval y Thomson_2023,set,39
2_Alvarez etal_2018,set,44
12_Nabhani etal_2024,set,60
39_Huang y Shao_2025,set,42
48_Medeiros etal_2020,pine,76
48_Medeiros etal_2020,forests,71
48_Medeiros etal_2020,wood,71
48_Medeiros etal_2020,tree,37
48_Medeiros etal_2020,criteria,34
48_Medeiros etal_2020,life cycle,20
48_Medeiros etal_2020,cycle assessment,9
48_Medeiros etal_2020,life cycle assessmen,9
48_Medeiros etal_2020,clean prod crossref,6
24_Cambero y Sowlati_2016,biofuel,45
11_Gutierrez-Franco etal_,biofuel,46
36_Gonzalez-Gonzalez etal,frontier,23
29_Couture etal_2021,frontier,8
45_Marques etal_2021,frontier,93
1_Abate etal_2024,frontier,58
9_Eyvindson etal_2018,uncertainty,37
2_Alvarez etal_2018,uncertainty,23
12_Nabhani etal_2024,uncertainty,37
49_Nahorna etal_2025,uncertainty,28
24_Cambero y Sowlati_2016,plant,50
11_Gutierrez-Franco etal_,plant,81
41_kanzian etal_2013,plant,17
29_Couture etal_2021,pareto,8
29_Couture etal_2021,personal,7
29_Couture etal_2021,area,6
29_Couture etal_2021,users,6
29_Couture etal_2021,forest management,8
29_Couture etal_2021,markov decision proc,8
9_Eyvindson etal_2018,accepted manuscript ,30
26_Chen etal_2019,accepted manuscript ,52
33_Ezquerro etal_2019,sustainable,24
42_Khadka y Vack_2012,sustainable,25
13_POFF etal_2010,usda forest,20
22_Belval y Thomson_2023,fire,61
51_Navarro-Cerrillo etal_,fire,82
39_Huang y Shao_2025,fire,163
16_Serrano etal_2021,pedro alto,10
9_Eyvindson etal_2018,differ final,30
26_Chen etal_2019,differ final,52
9_Eyvindson etal_2018,editing page composi,30
26_Chen etal_2019,editing page composi,52
37_Guo y He_2025,tree species,14
17_Triviño etal_2015,tree species,12
45_Marques etal_2021,maritime pine,13
46_Marques etal_2021_B,maritime pine,15
11_Gutierrez-Franco etal_,capacity,55
7_Castro etal_2024,genetic algorithm,16
47_Mazziotta etal_2025,present value npv,4
9_Eyvindson etal_2018,differ,31
26_Chen etal_2019,differ,52
2_Alvarez etal_2018,present value,8
37_Guo y He_2025,time period,20
26_Chen etal_2019,time period,28
35_Fotakis_2015,time period,5
Ejemplo_bibliografico_Ça,uneven aged,8
49_Nahorna etal_2025,airborne laser,10
22_Belval y Thomson_2023,alternatives,55
33_Ezquerro etal_2019,alternatives,30
12_Nabhani etal_2024,alternatives,41
33_Ezquerro etal_2019,criteria decision ma,6
13_POFF etal_2010,criteria decision ma,5
39_Huang y Shao_2025,demand,43
41_kanzian etal_2013,demand,17
17_Triviño etal_2015,management regimes,36
47_Mazziotta etal_2025,management regimes,10
24_Cambero y Sowlati_2016,work,56
22_Belval y Thomson_2023,work,25
45_Marques etal_2021,total soil erosion,6
1_Abate etal_2024,total soil erosion,5
40_Jones etal_2024,pine,53
51_Navarro-Cerrillo etal_,pine,44
13_POFF etal_2010,pine,25
24_Cambero y Sowlati_2016,social,120
24_Cambero y Sowlati_2016,period,83
24_Cambero y Sowlati_2016,chain,75
24_Cambero y Sowlati_2016,benefit,72
24_Cambero y Sowlati_2016,type,64
24_Cambero y Sowlati_2016,maximum,56
24_Cambero y Sowlati_2016,optimization,49
24_Cambero y Sowlati_2016,cambero sowlati,17
24_Cambero y Sowlati_2016,pareto optimal solut,11
17_Triviño etal_2015,forest stands,24
40_Jones etal_2024,forest stands,10
7_Castro etal_2024,forest stands,8
26_Chen etal_2019,non dominated soluti,17
7_Castro etal_2024,non dominated soluti,7
9_Eyvindson etal_2018,solutions,35
40_Jones etal_2024,solutions,40
47_Mazziotta etal_2025,solutions,50
26_Chen etal_2019,solutions,44
12_Nabhani etal_2024,solutions,37
7_Castro etal_2024,solutions,100
35_Fotakis_2015,solutions,12
16_Serrano etal_2021,management plan,10
42_Khadka y Vack_2012,management plan,18
47_Mazziotta etal_2025,species,101
47_Mazziotta etal_2025,offs,31
47_Mazziotta etal_2025,pareto,29
47_Mazziotta etal_2025,boreal,25
47_Mazziotta etal_2025,optimization,25
47_Mazziotta etal_2025,stands,25
47_Mazziotta etal_2025,trade offs,31
47_Mazziotta etal_2025,forest management,21
47_Mazziotta etal_2025,forest structure,13
47_Mazziotta etal_2025,stand level,12
47_Mazziotta etal_2025,boreal forest,8
47_Mazziotta etal_2025,resources institute ,6
47_Mazziotta etal_2025,net present value,5
12_Nabhani etal_2024,ecology management f,9
42_Khadka y Vack_2012,ecology management f,6
16_Serrano etal_2021,forest management,35
9_Eyvindson etal_2018,forest management,18
37_Guo y He_2025,forest management,50
17_Triviño etal_2015,forest management,30
36_Gonzalez-Gonzalez etal,forest management,13
40_Jones etal_2024,forest management,20
51_Navarro-Cerrillo etal_,forest management,21
Ejemplo_bibliografico_Ça,forest management,83
45_Marques etal_2021,forest management,15
33_Ezquerro etal_2019,forest management,68
2_Alvarez etal_2018,forest management,31
12_Nabhani etal_2024,forest management,41
7_Castro etal_2024,forest management,59
1_Abate etal_2024,forest management,27
13_POFF etal_2010,forest management,29
35_Fotakis_2015,forest management,5
49_Nahorna etal_2025,forest management,9
42_Khadka y Vack_2012,forest management,57
46_Marques etal_2021_B,forest management,52
45_Marques etal_2021,cork,45
1_Abate etal_2024,cork,29
9_Eyvindson etal_2018,prior copy,30
26_Chen etal_2019,prior copy,52
9_Eyvindson etal_2018,composition differ f,30
26_Chen etal_2019,composition differ f,52
9_Eyvindson etal_2018,page,60
26_Chen etal_2019,page,104
23_Bushaj etal_2021,xxx xxxx xxx,17
2_Alvarez etal_2018,xxx xxxx xxx,11
37_Guo y He_2025,scenario,168
37_Guo y He_2025,wood,77
37_Guo y He_2025,period,68
37_Guo y He_2025,area,60
37_Guo y He_2025,age,60
37_Guo y He_2025,forests,57
37_Guo y He_2025,planning,56
37_Guo y He_2025,optimization,56
37_Guo y He_2025,resources,42
37_Guo y He_2025,study,40
37_Guo y He_2025,structure,37
37_Guo y He_2025,type,30
37_Guo y He_2025,social,28
37_Guo y He_2025,carbon price,25
37_Guo y He_2025,period time,25
37_Guo y He_2025,global change,16
37_Guo y He_2025,study area,14
37_Guo y He_2025,global change fronti,16
37_Guo y He_2025,forest planning mode,10
37_Guo y He_2025,optimization forest ,8
26_Chen etal_2019,dominated solutions,17
7_Castro etal_2024,dominated solutions,8
11_Gutierrez-Franco etal_,chain,107
36_Gonzalez-Gonzalez etal,pareto,41
51_Navarro-Cerrillo etal_,pareto,27
45_Marques etal_2021,pareto,121
12_Nabhani etal_2024,pareto,38
7_Castro etal_2024,pareto,32
1_Abate etal_2024,pareto,71
41_kanzian etal_2013,pareto,15
1_Abate etal_2024,global change fronti,14
36_Gonzalez-Gonzalez etal,management prescript,6
13_POFF etal_2010,response,26
39_Huang y Shao_2025,response,32
17_Triviño etal_2015,trade offs,17
22_Belval y Thomson_2023,trade offs,11
12_Nabhani etal_2024,trade offs,25
1_Abate etal_2024,trade offs,30
9_Eyvindson etal_2018,res,44
26_Chen etal_2019,res,77
26_Chen etal_2019,network,51
19_Xiao etal_2022,network,96
39_Huang y Shao_2025,network,35
41_kanzian etal_2013,network,23
45_Marques etal_2021,study area,11
35_Fotakis_2015,study area,4
7_Castro etal_2024,algorithms,43
40_Jones etal_2024,timber harvest,24
12_Nabhani etal_2024,timber harvest,14
35_Fotakis_2015,timber harvest,7
22_Belval y Thomson_2023,service,30
19_Xiao etal_2022,service,39
13_POFF etal_2010,service,29
51_Navarro-Cerrillo etal_,parameter,27
17_Triviño etal_2015,amount carbon,11
16_Serrano etal_2021,search,70
16_Serrano etal_2021,local,61
16_Serrano etal_2021,planning,46
16_Serrano etal_2021,solution,33
16_Serrano etal_2021,conservation,28
16_Serrano etal_2021,obtained,23
16_Serrano etal_2021,volume,21
16_Serrano etal_2021,area,21
16_Serrano etal_2021,wood,19
16_Serrano etal_2021,planning horizon,14
16_Serrano etal_2021,san pedro,11
Ejemplo_bibliografico_Ça,problems,37
45_Marques etal_2021,problems,48
1_Abate etal_2024,problems,73
9_Eyvindson etal_2018,res downloaded,30
26_Chen etal_2019,res downloaded,52
36_Gonzalez-Gonzalez etal,decision maker,10
49_Nahorna etal_2025,decision maker,40
45_Marques etal_2021,decision maps,12
1_Abate etal_2024,decision maps,10
39_Huang y Shao_2025,fire occurrence,21
33_Ezquerro etal_2019,sustainable forest,12
2_Alvarez etal_2018,sustainable forest,8
42_Khadka y Vack_2012,sustainable forest,16
17_Triviño etal_2015,sequestration,57
12_Nabhani etal_2024,sequestration,36
1_Abate etal_2024,offs,30
30_Diao y Geng_2023,state,77
7_Castro etal_2024,algorithm,79
7_Castro etal_2024,planning,48
7_Castro etal_2024,stands,45
7_Castro etal_2024,species,44
7_Castro etal_2024,solution,42
7_Castro etal_2024,number,37
7_Castro etal_2024,sustainability,32
7_Castro etal_2024,front,28
7_Castro etal_2024,genetic algorithms,24
7_Castro etal_2024,objective forest,8
7_Castro etal_2024,sustainable forest m,6
7_Castro etal_2024,dominated sorting ge,4
7_Castro etal_2024,sorting genetic algo,4
7_Castro etal_2024,management multi obj,3
7_Castro etal_2024,pareto optimal solut,3
9_Eyvindson etal_2018,official,30
26_Chen etal_2019,official,52
17_Triviño etal_2015,ecosystem services,44
45_Marques etal_2021,ecosystem services,26
33_Ezquerro etal_2019,ecosystem services,17
12_Nabhani etal_2024,ecosystem services,24
1_Abate etal_2024,ecosystem services,46
45_Marques etal_2021,criteria,77
33_Ezquerro etal_2019,criteria,81
2_Alvarez etal_2018,criteria,27
1_Abate etal_2024,criteria,29
49_Nahorna etal_2025,criteria,52
42_Khadka y Vack_2012,criteria,88
46_Marques etal_2021_B,criteria,124
17_Triviño etal_2015,pareto optimal plans,6
9_Eyvindson etal_2018,official version rec,30
26_Chen etal_2019,official version rec,52
49_Nahorna etal_2025,height,58
49_Nahorna etal_2025,maker,40
49_Nahorna etal_2025,information,38
49_Nahorna etal_2025,study,36
49_Nahorna etal_2025,planning,34
49_Nahorna etal_2025,optimization,33
49_Nahorna etal_2025,optimization model,12
49_Nahorna etal_2025,airborne laser scann,7
49_Nahorna etal_2025,decision maker prefe,5
26_Chen etal_2019,university,57
26_Chen etal_2019,period,68
26_Chen etal_2019,emissions,61
26_Chen etal_2019,transportation,59
26_Chen etal_2019,prior,53
26_Chen etal_2019,downloaded,52
26_Chen etal_2019,personal,52
26_Chen etal_2019,editing,52
26_Chen etal_2019,version,52
26_Chen etal_2019,editing page,52
26_Chen etal_2019,final official,52
26_Chen etal_2019,supply network,24
26_Chen etal_2019,manuscript accepted ,52
26_Chen etal_2019,copy editing page,52
26_Chen etal_2019,differ final officia,52
26_Chen etal_2019,supply chain network,7
26_Chen etal_2019,chain network design,6
9_Eyvindson etal_2018,editing,30
17_Triviño etal_2015,stands,81
17_Triviño etal_2015,forests,57
17_Triviño etal_2015,boreal,35
17_Triviño etal_2015,climate,34
17_Triviño etal_2015,tree,31
17_Triviño etal_2015,wood,25
17_Triviño etal_2015,years,25
17_Triviño etal_2015,boreal forests,15
17_Triviño etal_2015,boreal forest,11
17_Triviño etal_2015,set aside,10
17_Triviño etal_2015,timber production ca,9
17_Triviño etal_2015,net present value,5
30_Diao y Geng_2023,resources,31
9_Eyvindson etal_2018,prior,32
Ejemplo_bibliografico_Ça,aged,19
11_Gutierrez-Franco etal_,type,69
Ejemplo_bibliografico_Ça,type,21
22_Belval y Thomson_2023,wildfire,52
22_Belval y Thomson_2023,project,32
22_Belval y Thomson_2023,forest service,14
19_Xiao etal_2022,ecological,425
35_Fotakis_2015,ecological,12
23_Bushaj etal_2021,case,41
33_Ezquerro etal_2019,case,27
40_Jones etal_2024,habitat area,10
36_Gonzalez-Gonzalez etal,diaz balteiro,10
33_Ezquerro etal_2019,diaz balteiro,22
9_Eyvindson etal_2018,optimization problem,9
9_Eyvindson etal_2018,optimization,39
9_Eyvindson etal_2018,solution,36
9_Eyvindson etal_2018,downloaded,30
9_Eyvindson etal_2018,personal,30
9_Eyvindson etal_2018,version,30
9_Eyvindson etal_2018,editing page,30
9_Eyvindson etal_2018,final official,30
9_Eyvindson etal_2018,manuscript accepted ,30
9_Eyvindson etal_2018,copy editing page,30
9_Eyvindson etal_2018,differ final officia,30
9_Eyvindson etal_2018,pareto optimal solut,9
11_Gutierrez-Franco etal_,emissions,100
11_Gutierrez-Franco etal_,period,70
11_Gutierrez-Franco etal_,maximum,52
11_Gutierrez-Franco etal_,sustainability,48
11_Gutierrez-Franco etal_,chain design,14
11_Gutierrez-Franco etal_,supply chain network,8
19_Xiao etal_2022,area,157
19_Xiao etal_2022,figure,43
19_Xiao etal_2022,corridor,42
19_Xiao etal_2022,forests,37
19_Xiao etal_2022,regional,33
19_Xiao etal_2022,total area,17
13_POFF etal_2010,area,54
13_POFF etal_2010,tree,41
13_POFF etal_2010,level,30
13_POFF etal_2010,solution,27
13_POFF etal_2010,density,27
13_POFF etal_2010,forest service,27
13_POFF etal_2010,management objective,17
13_POFF etal_2010,forest vegetation si,6
36_Gonzalez-Gonzalez etal,planning,43
36_Gonzalez-Gonzalez etal,real,28
36_Gonzalez-Gonzalez etal,optimization,25
36_Gonzalez-Gonzalez etal,stands,24
36_Gonzalez-Gonzalez etal,obtained,19
36_Gonzalez-Gonzalez etal,planning horizon,16
36_Gonzalez-Gonzalez etal,harvest scheduling p,5
2_Alvarez etal_2018,planning,34
2_Alvarez etal_2018,road,33
2_Alvarez etal_2018,stochastic,32
2_Alvarez etal_2018,obtained,24
2_Alvarez etal_2018,policy,22
2_Alvarez etal_2018,optimization,22
2_Alvarez etal_2018,erosion,20
2_Alvarez etal_2018,risk averse,17
2_Alvarez etal_2018,net present,9
2_Alvarez etal_2018,planning horizon,8
2_Alvarez etal_2018,single objective,7
2_Alvarez etal_2018,forest policy econom,13
2_Alvarez etal_2018,net present value,8
2_Alvarez etal_2018,trade offs among,4
2_Alvarez etal_2018,sustainable forest m,4
39_Huang y Shao_2025,optimization model,12
41_kanzian etal_2013,optimization model,8
46_Marques etal_2021_B,figure,36
46_Marques etal_2021_B,planning,34
46_Marques etal_2021_B,forests,34
33_Ezquerro etal_2019,sustainability,104
33_Ezquerro etal_2019,area,85
33_Ezquerro etal_2019,planning,49
33_Ezquerro etal_2019,goal,35
33_Ezquerro etal_2019,stands,29
33_Ezquerro etal_2019,forests,27
33_Ezquerro etal_2019,study,23
33_Ezquerro etal_2019,planning horizon,20
33_Ezquerro etal_2019,sustainable forest m,11
33_Ezquerro etal_2019,net present value,6
33_Ezquerro etal_2019,forest planning mode,4
51_Navarro-Cerrillo etal_,period,79
12_Nabhani etal_2024,period,34
35_Fotakis_2015,period,11
23_Bushaj etal_2021,risk averse,81
41_kanzian etal_2013,forest biomass,8
45_Marques etal_2021,oak,30
12_Nabhani etal_2024,management alternati,35
45_Marques etal_2021,planning,44
45_Marques etal_2021,figure,39
45_Marques etal_2021,forests,35
45_Marques etal_2021,area,35
45_Marques etal_2021,number,32
45_Marques etal_2021,level,30
45_Marques etal_2021,stands,29
45_Marques etal_2021,wood,28
45_Marques etal_2021,planning horizon,12
45_Marques etal_2021,pareto optimal solut,6
41_kanzian etal_2013,fuel,24
40_Jones etal_2024,open,42
23_Bushaj etal_2021,scenario,192
39_Huang y Shao_2025,forest fires,34
35_Fotakis_2015,harvest scheduling p,5
23_Bushaj etal_2021,european operational,29
Ejemplo_bibliografico_Ça,planning,74
Ejemplo_bibliografico_Ça,optimization,73
Ejemplo_bibliografico_Ça,level,33
Ejemplo_bibliografico_Ça,forests,30
Ejemplo_bibliografico_Ça,figure,26
Ejemplo_bibliografico_Ça,study,20
Ejemplo_bibliografico_Ça,forest research,33
Ejemplo_bibliografico_Ça,forest structure,7
Ejemplo_bibliografico_Ça,optimization forest ,20
Ejemplo_bibliografico_Ça,forest policy econom,10
Ejemplo_bibliografico_Ça,forest ecology manag,6
12_Nabhani etal_2024,management strategy,11
42_Khadka y Vack_2012,management strategy,11
23_Bushaj etal_2021,stochastic,66
35_Fotakis_2015,optimal solution tim,3
23_Bushaj etal_2021,trees,66
35_Fotakis_2015,treatments,11
35_Fotakis_2015,years,13
35_Fotakis_2015,volume,10
40_Jones etal_2024,conservation,29
40_Jones etal_2024,forest vegetation si,6
41_kanzian etal_2013,supply network,12
35_Fotakis_2015,local,13
42_Khadka y Vack_2012,local,43
39_Huang y Shao_2025,algorithm,52
39_Huang y Shao_2025,number,47
39_Huang y Shao_2025,study,44
39_Huang y Shao_2025,optimization,38
39_Huang y Shao_2025,solution,34
39_Huang y Shao_2025,fire risk,12
41_kanzian etal_2013,revenue,16
35_Fotakis_2015,sediment,11
41_kanzian etal_2013,costs,34
35_Fotakis_2015,planning,25
35_Fotakis_2015,solution,21
35_Fotakis_2015,optimization,17
35_Fotakis_2015,algorithm,16
35_Fotakis_2015,area,11
35_Fotakis_2015,study,11
12_Nabhani etal_2024,forest ecology manag,14
42_Khadka y Vack_2012,forest ecology manag,7
40_Jones etal_2024,species,99
1_Abate etal_2024,species,29
51_Navarro-Cerrillo etal_,wood,52
12_Nabhani etal_2024,wood,35
1_Abate etal_2024,wood,29
41_kanzian etal_2013,wood,65
23_Bushaj etal_2021,number,45
40_Jones etal_2024,united states,9
1_Abate etal_2024,erosion,36
41_kanzian etal_2013,objective optimizati,3
12_Nabhani etal_2024,forest policy econom,11
40_Jones etal_2024,solution,57
23_Bushaj etal_2021,solution,51
12_Nabhani etal_2024,solution,48
42_Khadka y Vack_2012,policy,26
30_Diao y Geng_2023,evaluation,29
12_Nabhani etal_2024,planning,51
12_Nabhani etal_2024,optimization,50
12_Nabhani etal_2024,stands,37
12_Nabhani etal_2024,green,34
12_Nabhani etal_2024,set aside,16
12_Nabhani etal_2024,pareto optimal solut,14
12_Nabhani etal_2024,sustainable forest m,7
41_kanzian etal_2013,emissions,35
41_kanzian etal_2013,optimization,22
42_Khadka y Vack_2012,sustainable forest m,9
23_Bushaj etal_2021,benefit,43
51_Navarro-Cerrillo etal_,planning,28
42_Khadka y Vack_2012,study,25
51_Navarro-Cerrillo etal_,optimization,32
1_Abate etal_2024,optimization,35
1_Abate etal_2024,stands,45
1_Abate etal_2024,study,28
1_Abate etal_2024,global change,15
1_Abate etal_2024,trade offs among,10
51_Navarro-Cerrillo etal_,stands,67
30_Diao y Geng_2023,social,30
30_Diao y Geng_2023,forests,29
30_Diao y Geng_2023,area,24
51_Navarro-Cerrillo etal_,fire risk,13
40_Jones etal_2024,area,46
51_Navarro-Cerrillo etal_,area,50
51_Navarro-Cerrillo etal_,forests,39
